algorithm,seed,cost_function,value,name,level
BC,1,all_time_peak_average,0.8773380272005745,District,district
BC,1,annual_normalized_unserved_energy_total,0.01152897463060616,District,district
BC,1,carbon_emissions_total,0.6002156867049412,District,district
BC,1,cost_total,0.5694208143995736,District,district
BC,1,daily_one_minus_load_factor_average,1.1343823552303618,District,district
BC,1,daily_peak_average,0.7774985897152927,District,district
BC,1,discomfort_cold_delta_average,0.03841204643249512,District,district
BC,1,discomfort_cold_delta_maximum,1.4157663981119792,District,district
BC,1,discomfort_cold_delta_minimum,0.0,District,district
BC,1,discomfort_cold_proportion,0.0,District,district
BC,1,discomfort_hot_delta_average,2.623552098097625,District,district
BC,1,discomfort_hot_delta_maximum,9.59841537475586,District,district
BC,1,discomfort_hot_delta_minimum,0.0,District,district
BC,1,discomfort_hot_proportion,0.6459995269073093,District,district
BC,1,discomfort_proportion,0.6459995269073093,District,district
BC,1,electricity_consumption_total,0.60962743398869,District,district
BC,1,monthly_one_minus_load_factor_average,1.0738191877759133,District,district
BC,1,one_minus_thermal_resilience_proportion,0.8206349206349207,District,district
BC,1,power_outage_normalized_unserved_energy_total,0.5332804144779042,District,district
BC,1,ramping_average,0.8831559776328836,District,district
BC,1,zero_net_energy,0.5848199418625174,District,district
BC,1,electricity_consumption_total,0.5791647966429373,Building_1,building
BC,1,zero_net_energy,0.5267196989791044,Building_1,building
BC,1,carbon_emissions_total,0.5722965516468559,Building_1,building
BC,1,cost_total,0.5445642475290315,Building_1,building
BC,1,discomfort_proportion,0.7349228611500701,Building_1,building
BC,1,discomfort_cold_proportion,0.0,Building_1,building
BC,1,discomfort_hot_proportion,0.7349228611500701,Building_1,building
BC,1,discomfort_cold_delta_minimum,0.0,Building_1,building
BC,1,discomfort_cold_delta_maximum,1.6969566345214844,Building_1,building
BC,1,discomfort_cold_delta_average,0.03993988037109375,Building_1,building
BC,1,discomfort_hot_delta_minimum,0.0,Building_1,building
BC,1,discomfort_hot_delta_maximum,9.675018310546875,Building_1,building
BC,1,discomfort_hot_delta_average,3.0932577557033962,Building_1,building
BC,1,one_minus_thermal_resilience_proportion,0.6,Building_1,building
BC,1,power_outage_normalized_unserved_energy_total,0.5245105229367703,Building_1,building
BC,1,annual_normalized_unserved_energy_total,0.011468625207102352,Building_1,building
BC,1,electricity_consumption_total,0.5870934081264171,Building_2,building
BC,1,zero_net_energy,0.5865242207446504,Building_2,building
BC,1,carbon_emissions_total,0.5755938484857475,Building_2,building
BC,1,cost_total,0.5436115676663387,Building_2,building
BC,1,discomfort_proportion,0.6007462686567164,Building_2,building
BC,1,discomfort_cold_proportion,0.0,Building_2,building
BC,1,discomfort_hot_proportion,0.6007462686567164,Building_2,building
BC,1,discomfort_cold_delta_minimum,0.0,Building_2,building
BC,1,discomfort_cold_delta_maximum,1.5576190948486328,Building_2,building
BC,1,discomfort_cold_delta_average,0.04254597822825114,Building_2,building
BC,1,discomfort_hot_delta_minimum,0.0,Building_2,building
BC,1,discomfort_hot_delta_maximum,11.423318862915039,Building_2,building
BC,1,discomfort_hot_delta_average,2.625217154290941,Building_2,building
BC,1,one_minus_thermal_resilience_proportion,0.9285714285714286,Building_2,building
BC,1,power_outage_normalized_unserved_energy_total,0.5336601908836405,Building_2,building
BC,1,annual_normalized_unserved_energy_total,0.011082983742237878,Building_2,building
BC,1,electricity_consumption_total,0.6626240971967156,Building_3,building
BC,1,zero_net_energy,0.6412159058637973,Building_3,building
BC,1,carbon_emissions_total,0.65275665998222,Building_3,building
BC,1,cost_total,0.6200866280033505,Building_3,building
BC,1,discomfort_proportion,0.6023294509151415,Building_3,building
BC,1,discomfort_cold_proportion,0.0,Building_3,building
BC,1,discomfort_hot_proportion,0.6023294509151415,Building_3,building
BC,1,discomfort_cold_delta_minimum,0.0,Building_3,building
BC,1,discomfort_cold_delta_maximum,0.9927234649658203,Building_3,building
BC,1,discomfort_cold_delta_average,0.03275028069814046,Building_3,building
BC,1,discomfort_hot_delta_minimum,0.0,Building_3,building
BC,1,discomfort_hot_delta_maximum,7.696908950805664,Building_3,building
BC,1,discomfort_hot_delta_average,2.1521813842985367,Building_3,building
BC,1,one_minus_thermal_resilience_proportion,0.9333333333333333,Building_3,building
BC,1,power_outage_normalized_unserved_energy_total,0.5416705296133019,Building_3,building
BC,1,annual_normalized_unserved_energy_total,0.012035314942478247,Building_3,building
BC,2,all_time_peak_average,0.8790930089754043,District,district
BC,2,annual_normalized_unserved_energy_total,0.010948309776541515,District,district
BC,2,carbon_emissions_total,0.6049455557305373,District,district
BC,2,cost_total,0.5739323500690002,District,district
BC,2,daily_one_minus_load_factor_average,1.1283618462234843,District,district
BC,2,daily_peak_average,0.7780885498705945,District,district
BC,2,discomfort_cold_delta_average,0.04298744908085576,District,district
BC,2,discomfort_cold_delta_maximum,1.500244140625,District,district
BC,2,discomfort_cold_delta_minimum,0.0,District,district
BC,2,discomfort_cold_proportion,0.0,District,district
BC,2,discomfort_hot_delta_average,2.5511809251926563,District,district
BC,2,discomfort_hot_delta_maximum,9.529847462972006,District,district
BC,2,discomfort_hot_delta_minimum,0.0,District,district
BC,2,discomfort_hot_proportion,0.6312851315412585,District,district
BC,2,discomfort_proportion,0.6312851315412585,District,district
BC,2,electricity_consumption_total,0.6142373439673238,District,district
BC,2,monthly_one_minus_load_factor_average,1.0726462819947888,District,district
BC,2,one_minus_thermal_resilience_proportion,0.7730158730158729,District,district
BC,2,power_outage_normalized_unserved_energy_total,0.5209216827781447,District,district
BC,2,ramping_average,0.8848909562540918,District,district
BC,2,zero_net_energy,0.5900169236200653,District,district
BC,2,electricity_consumption_total,0.5903152780913293,Building_1,building
BC,2,zero_net_energy,0.5398982354336229,Building_1,building
BC,2,carbon_emissions_total,0.5832516589934262,Building_1,building
BC,2,cost_total,0.5547599326658034,Building_1,building
BC,2,discomfort_proportion,0.6928471248246845,Building_1,building
BC,2,discomfort_cold_proportion,0.0,Building_1,building
BC,2,discomfort_hot_proportion,0.6928471248246845,Building_1,building
BC,2,discomfort_cold_delta_minimum,0.0,Building_1,building
BC,2,discomfort_cold_delta_maximum,1.8231372833251953,Building_1,building
BC,2,discomfort_cold_delta_average,0.0574466864267985,Building_1,building
BC,2,discomfort_hot_delta_minimum,0.0,Building_1,building
BC,2,discomfort_hot_delta_maximum,9.439491271972656,Building_1,building
BC,2,discomfort_hot_delta_average,2.8841172297795614,Building_1,building
BC,2,one_minus_thermal_resilience_proportion,0.6,Building_1,building
BC,2,power_outage_normalized_unserved_energy_total,0.52483946582639,Building_1,building
BC,2,annual_normalized_unserved_energy_total,0.011317759923394231,Building_1,building
BC,2,electricity_consumption_total,0.5888845719913456,Building_2,building
BC,2,zero_net_energy,0.5884092123021045,Building_2,building
BC,2,carbon_emissions_total,0.5779516143599522,Building_2,building
BC,2,cost_total,0.546219376840959,Building_2,building
BC,2,discomfort_proportion,0.5970149253731343,Building_2,building
BC,2,discomfort_cold_proportion,0.0,Building_2,building
BC,2,discomfort_hot_proportion,0.5970149253731343,Building_2,building
BC,2,discomfort_cold_delta_minimum,0.0,Building_2,building
BC,2,discomfort_cold_delta_maximum,1.5050811767578125,Building_2,building
BC,2,discomfort_cold_delta_average,0.03823946317036946,Building_2,building
BC,2,discomfort_hot_delta_minimum,0.0,Building_2,building
BC,2,discomfort_hot_delta_maximum,11.407506942749023,Building_2,building
BC,2,discomfort_hot_delta_average,2.616066116756863,Building_2,building
BC,2,one_minus_thermal_resilience_proportion,0.7857142857142857,Building_2,building
BC,2,power_outage_normalized_unserved_energy_total,0.49856999007286035,Building_2,building
BC,2,annual_normalized_unserved_energy_total,0.009685976994179193,Building_2,building
BC,2,electricity_consumption_total,0.6635121818192963,Building_3,building
BC,2,zero_net_energy,0.6417433231244687,Building_3,building
BC,2,carbon_emissions_total,0.6536333938382336,Building_3,building
BC,2,cost_total,0.6208177407002385,Building_3,building
BC,2,discomfort_proportion,0.6039933444259568,Building_3,building
BC,2,discomfort_cold_proportion,0.0,Building_3,building
BC,2,discomfort_hot_proportion,0.6039933444259568,Building_3,building
BC,2,discomfort_cold_delta_minimum,0.0,Building_3,building
BC,2,discomfort_cold_delta_maximum,1.1725139617919922,Building_3,building
BC,2,discomfort_cold_delta_average,0.033276197645399304,Building_3,building
BC,2,discomfort_hot_delta_minimum,0.0,Building_3,building
BC,2,discomfort_hot_delta_maximum,7.742544174194336,Building_3,building
BC,2,discomfort_hot_delta_average,2.1533594290415445,Building_3,building
BC,2,one_minus_thermal_resilience_proportion,0.9333333333333333,Building_3,building
BC,2,power_outage_normalized_unserved_energy_total,0.5393555924351836,Building_3,building
BC,2,annual_normalized_unserved_energy_total,0.011841192412051121,Building_3,building
BC,3,all_time_peak_average,0.8784662229756552,District,district
BC,3,annual_normalized_unserved_energy_total,0.011279165618791475,District,district
BC,3,carbon_emissions_total,0.6020910335422763,District,district
BC,3,cost_total,0.5709491303877772,District,district
BC,3,daily_one_minus_load_factor_average,1.1307908070015518,District,district
BC,3,daily_peak_average,0.7803639701535923,District,district
BC,3,discomfort_cold_delta_average,0.0432133709942853,District,district
BC,3,discomfort_cold_delta_maximum,1.561007817586263,District,district
BC,3,discomfort_cold_delta_minimum,0.0,District,district
BC,3,discomfort_cold_proportion,0.00046750818139317435,District,district
BC,3,discomfort_hot_delta_average,2.5688506612071285,District,district
BC,3,discomfort_hot_delta_maximum,9.554113388061523,District,district
BC,3,discomfort_hot_delta_minimum,0.0,District,district
BC,3,discomfort_hot_proportion,0.6387624324557376,District,district
BC,3,discomfort_proportion,0.6392299406371308,District,district
BC,3,electricity_consumption_total,0.6115001977452253,District,district
BC,3,monthly_one_minus_load_factor_average,1.0724922373591708,District,district
BC,3,one_minus_thermal_resilience_proportion,0.8190476190476191,District,district
BC,3,power_outage_normalized_unserved_energy_total,0.5239656441760026,District,district
BC,3,ramping_average,0.8844561702061646,District,district
BC,3,zero_net_energy,0.5881667547448668,District,district
BC,3,electricity_consumption_total,0.5984559572793038,Building_1,building
BC,3,zero_net_energy,0.5513619214267917,Building_1,building
BC,3,carbon_emissions_total,0.591229875126473,Building_1,building
BC,3,cost_total,0.5626136749490642,Building_1,building
BC,3,discomfort_proportion,0.664796633941094,Building_1,building
BC,3,discomfort_cold_proportion,0.001402524544179523,Building_1,building
BC,3,discomfort_hot_proportion,0.6633941093969145,Building_1,building
BC,3,discomfort_cold_delta_minimum,0.0,Building_1,building
BC,3,discomfort_cold_delta_maximum,2.0981712341308594,Building_1,building
BC,3,discomfort_cold_delta_average,0.06374052100711398,Building_1,building
BC,3,discomfort_hot_delta_minimum,0.0,Building_1,building
BC,3,discomfort_hot_delta_maximum,9.265205383300781,Building_1,building
BC,3,discomfort_hot_delta_average,2.736042112774319,Building_1,building
BC,3,one_minus_thermal_resilience_proportion,0.6,Building_1,building
BC,3,power_outage_normalized_unserved_energy_total,0.5134587306432241,Building_1,building
BC,3,annual_normalized_unserved_energy_total,0.011098708428175083,Building_1,building
BC,3,electricity_consumption_total,0.5756355482740068,Building_2,building
BC,3,zero_net_energy,0.5743197841895199,Building_2,building
BC,3,carbon_emissions_total,0.5644799466632806,Building_2,building
BC,3,cost_total,0.5324149072551831,Building_2,building
BC,3,discomfort_proportion,0.6305970149253731,Building_2,building
BC,3,discomfort_cold_proportion,0.0,Building_2,building
BC,3,discomfort_hot_proportion,0.6305970149253731,Building_2,building
BC,3,discomfort_cold_delta_minimum,0.0,Building_2,building
BC,3,discomfort_cold_delta_maximum,1.6438674926757812,Building_2,building
BC,3,discomfort_cold_delta_average,0.03804588052961561,Building_2,building
BC,3,discomfort_hot_delta_minimum,0.0,Building_2,building
BC,3,discomfort_hot_delta_maximum,11.621038436889648,Building_2,building
BC,3,discomfort_hot_delta_average,2.7578189505471125,Building_2,building
BC,3,one_minus_thermal_resilience_proportion,0.8571428571428571,Building_2,building
BC,3,power_outage_normalized_unserved_energy_total,0.518623660952546,Building_2,building
BC,3,annual_normalized_unserved_energy_total,0.010727557509884328,Building_2,building
BC,3,electricity_consumption_total,0.6604090876823654,Building_3,building
BC,3,zero_net_energy,0.6388185586182887,Building_3,building
BC,3,carbon_emissions_total,0.6505632788370757,Building_3,building
BC,3,cost_total,0.6178188089590843,Building_3,building
BC,3,discomfort_proportion,0.6222961730449251,Building_3,building
BC,3,discomfort_cold_proportion,0.0,Building_3,building
BC,3,discomfort_hot_proportion,0.6222961730449251,Building_3,building
BC,3,discomfort_cold_delta_minimum,0.0,Building_3,building
BC,3,discomfort_cold_delta_maximum,0.9409847259521484,Building_3,building
BC,3,discomfort_cold_delta_average,0.027853711446126302,Building_3,building
BC,3,discomfort_hot_delta_minimum,0.0,Building_3,building
BC,3,discomfort_hot_delta_maximum,7.776096343994141,Building_3,building
BC,3,discomfort_hot_delta_average,2.212690920299954,Building_3,building
BC,3,one_minus_thermal_resilience_proportion,1.0,Building_3,building
BC,3,power_outage_normalized_unserved_energy_total,0.5398145409322376,Building_3,building
BC,3,annual_normalized_unserved_energy_total,0.012011230918315012,Building_3,building
IQL,1,all_time_peak_average,0.8924304025831274,District,district
IQL,1,annual_normalized_unserved_energy_total,0.011509262556333714,District,district
IQL,1,carbon_emissions_total,0.6188963003002339,District,district
IQL,1,cost_total,0.5915972549275447,District,district
IQL,1,daily_one_minus_load_factor_average,1.1542040458372957,District,district
IQL,1,daily_peak_average,0.7893590905468739,District,district
IQL,1,discomfort_cold_delta_average,0.026656369809751158,District,district
IQL,1,discomfort_cold_delta_maximum,1.2949689229329426,District,district
IQL,1,discomfort_cold_delta_minimum,0.0,District,district
IQL,1,discomfort_cold_proportion,0.0018656716417910447,District,district
IQL,1,discomfort_hot_delta_average,3.0716118388705786,District,district
IQL,1,discomfort_hot_delta_maximum,8.80105463663737,District,district
IQL,1,discomfort_hot_delta_minimum,0.0,District,district
IQL,1,discomfort_hot_proportion,0.6324369641548694,District,district
IQL,1,discomfort_proportion,0.6343026357966604,District,district
IQL,1,electricity_consumption_total,0.624974090001742,District,district
IQL,1,monthly_one_minus_load_factor_average,1.0787265501783612,District,district
IQL,1,one_minus_thermal_resilience_proportion,0.9095238095238095,District,district
IQL,1,power_outage_normalized_unserved_energy_total,0.5311306568263356,District,district
IQL,1,ramping_average,0.9093581172271866,District,district
IQL,1,zero_net_energy,0.5930161659255466,District,district
IQL,1,electricity_consumption_total,0.49191802171719146,Building_1,building
IQL,1,zero_net_energy,0.4125733993089697,Building_1,building
IQL,1,carbon_emissions_total,0.48802106869405293,Building_1,building
IQL,1,cost_total,0.4645194828799897,Building_1,building
IQL,1,discomfort_proportion,0.9775596072931276,Building_1,building
IQL,1,discomfort_cold_proportion,0.0,Building_1,building
IQL,1,discomfort_hot_proportion,0.9775596072931276,Building_1,building
IQL,1,discomfort_cold_delta_minimum,0.0,Building_1,building
IQL,1,discomfort_cold_delta_maximum,0.12356948852539062,Building_1,building
IQL,1,discomfort_cold_delta_average,0.0003257698482937283,Building_1,building
IQL,1,discomfort_hot_delta_minimum,0.0,Building_1,building
IQL,1,discomfort_hot_delta_maximum,11.980812072753906,Building_1,building
IQL,1,discomfort_hot_delta_average,5.965939736366272,Building_1,building
IQL,1,one_minus_thermal_resilience_proportion,1.0,Building_1,building
IQL,1,power_outage_normalized_unserved_energy_total,0.4982319641406801,Building_1,building
IQL,1,annual_normalized_unserved_energy_total,0.011053752046860625,Building_1,building
IQL,1,electricity_consumption_total,0.6987372987166978,Building_2,building
IQL,1,zero_net_energy,0.6986059499991761,Building_2,building
IQL,1,carbon_emissions_total,0.6937268342006673,Building_2,building
IQL,1,cost_total,0.6673012023565906,Building_2,building
IQL,1,discomfort_proportion,0.43283582089552236,Building_2,building
IQL,1,discomfort_cold_proportion,0.005597014925373134,Building_2,building
IQL,1,discomfort_hot_proportion,0.42723880597014924,Building_2,building
IQL,1,discomfort_cold_delta_minimum,0.0,Building_2,building
IQL,1,discomfort_cold_delta_maximum,2.7078800201416016,Building_2,building
IQL,1,discomfort_cold_delta_average,0.0445667478773329,Building_2,building
IQL,1,discomfort_hot_delta_minimum,0.0,Building_2,building
IQL,1,discomfort_hot_delta_maximum,7.536252975463867,Building_2,building
IQL,1,discomfort_hot_delta_average,1.5050197574827406,Building_2,building
IQL,1,one_minus_thermal_resilience_proportion,0.9285714285714286,Building_2,building
IQL,1,power_outage_normalized_unserved_energy_total,0.5569019533506265,Building_2,building
IQL,1,annual_normalized_unserved_energy_total,0.012084354891514071,Building_2,building
IQL,1,electricity_consumption_total,0.6842669495713367,Building_3,building
IQL,1,zero_net_energy,0.6678691484684941,Building_3,building
IQL,1,carbon_emissions_total,0.6749409980059815,Building_3,building
IQL,1,cost_total,0.6429710795460538,Building_3,building
IQL,1,discomfort_proportion,0.4925124792013311,Building_3,building
IQL,1,discomfort_cold_proportion,0.0,Building_3,building
IQL,1,discomfort_hot_proportion,0.4925124792013311,Building_3,building
IQL,1,discomfort_cold_delta_minimum,0.0,Building_3,building
IQL,1,discomfort_cold_delta_maximum,1.053457260131836,Building_3,building
IQL,1,discomfort_cold_delta_average,0.03507659170362684,Building_3,building
IQL,1,discomfort_hot_delta_minimum,0.0,Building_3,building
IQL,1,discomfort_hot_delta_maximum,6.886098861694336,Building_3,building
IQL,1,discomfort_hot_delta_average,1.7438760227627224,Building_3,building
IQL,1,one_minus_thermal_resilience_proportion,0.8,Building_3,building
IQL,1,power_outage_normalized_unserved_energy_total,0.5382580529877002,Building_3,building
IQL,1,annual_normalized_unserved_energy_total,0.01138968073062645,Building_3,building
IQL,2,all_time_peak_average,0.887730887809472,District,district
IQL,2,annual_normalized_unserved_energy_total,0.011677422553549836,District,district
IQL,2,carbon_emissions_total,0.5920404053522177,District,district
IQL,2,cost_total,0.5641397693861832,District,district
IQL,2,daily_one_minus_load_factor_average,1.1732600513063454,District,district
IQL,2,daily_peak_average,0.7803998673817613,District,district
IQL,2,discomfort_cold_delta_average,0.015327423590200917,District,district
IQL,2,discomfort_cold_delta_maximum,0.7562611897786459,District,district
IQL,2,discomfort_cold_delta_minimum,0.0,District,district
IQL,2,discomfort_cold_proportion,0.0,District,district
IQL,2,discomfort_hot_delta_average,3.534231425214697,District,district
IQL,2,discomfort_hot_delta_maximum,9.409406026204428,District,district
IQL,2,discomfort_hot_delta_minimum,0.0,District,district
IQL,2,discomfort_hot_proportion,0.6912905821848604,District,district
IQL,2,discomfort_proportion,0.6912905821848604,District,district
IQL,2,electricity_consumption_total,0.5976501737628106,District,district
IQL,2,monthly_one_minus_load_factor_average,1.0848692536250726,District,district
IQL,2,one_minus_thermal_resilience_proportion,0.953968253968254,District,district
IQL,2,power_outage_normalized_unserved_energy_total,0.5261197587982286,District,district
IQL,2,ramping_average,0.8950333345356956,District,district
IQL,2,zero_net_energy,0.5648094469316303,District,district
IQL,2,electricity_consumption_total,0.4612387634874849,Building_1,building
IQL,2,zero_net_energy,0.38068450019407857,Building_1,building
IQL,2,carbon_emissions_total,0.4580290397045909,Building_1,building
IQL,2,cost_total,0.4360006923244682,Building_1,building
IQL,2,discomfort_proportion,0.9803646563814866,Building_1,building
IQL,2,discomfort_cold_proportion,0.0,Building_1,building
IQL,2,discomfort_hot_proportion,0.9803646563814866,Building_1,building
IQL,2,discomfort_cold_delta_minimum,0.0,Building_1,building
IQL,2,discomfort_cold_delta_maximum,0.12356948852539062,Building_1,building
IQL,2,discomfort_cold_delta_average,0.0003257698482937283,Building_1,building
IQL,2,discomfort_hot_delta_minimum,0.0,Building_1,building
IQL,2,discomfort_hot_delta_maximum,12.799690246582031,Building_1,building
IQL,2,discomfort_hot_delta_average,6.847861385345459,Building_1,building
IQL,2,one_minus_thermal_resilience_proportion,1.0,Building_1,building
IQL,2,power_outage_normalized_unserved_energy_total,0.5202668169862646,Building_1,building
IQL,2,annual_normalized_unserved_energy_total,0.010799686919494343,Building_1,building
IQL,2,electricity_consumption_total,0.6621919725762537,Building_2,building
IQL,2,zero_net_energy,0.6622915071680191,Building_2,building
IQL,2,carbon_emissions_total,0.6579687745442663,Building_2,building
IQL,2,cost_total,0.6284151711892756,Building_2,building
IQL,2,discomfort_proportion,0.5261194029850746,Building_2,building
IQL,2,discomfort_cold_proportion,0.0,Building_2,building
IQL,2,discomfort_hot_proportion,0.5261194029850746,Building_2,building
IQL,2,discomfort_cold_delta_minimum,0.0,Building_2,building
IQL,2,discomfort_cold_delta_maximum,1.3091583251953125,Building_2,building
IQL,2,discomfort_cold_delta_average,0.021184635162353516,Building_2,building
IQL,2,discomfort_hot_delta_minimum,0.0,Building_2,building
IQL,2,discomfort_hot_delta_maximum,8.190160751342773,Building_2,building
IQL,2,discomfort_hot_delta_average,1.7699314064449734,Building_2,building
IQL,2,one_minus_thermal_resilience_proportion,0.9285714285714286,Building_2,building
IQL,2,power_outage_normalized_unserved_energy_total,0.516328096302714,Building_2,building
IQL,2,annual_normalized_unserved_energy_total,0.012039443161341623,Building_2,building
IQL,2,electricity_consumption_total,0.6695197852246932,Building_3,building
IQL,2,zero_net_energy,0.651452333432793,Building_3,building
IQL,2,carbon_emissions_total,0.6601234018077958,Building_3,building
IQL,2,cost_total,0.6280034446448058,Building_3,building
IQL,2,discomfort_proportion,0.56738768718802,Building_3,building
IQL,2,discomfort_cold_proportion,0.0,Building_3,building
IQL,2,discomfort_hot_proportion,0.56738768718802,Building_3,building
IQL,2,discomfort_cold_delta_minimum,0.0,Building_3,building
IQL,2,discomfort_cold_delta_maximum,0.8360557556152344,Building_3,building
IQL,2,discomfort_cold_delta_average,0.02447186575995551,Building_3,building
IQL,2,discomfort_hot_delta_minimum,0.0,Building_3,building
IQL,2,discomfort_hot_delta_maximum,7.238367080688477,Building_3,building
IQL,2,discomfort_hot_delta_average,1.984901483853658,Building_3,building
IQL,2,one_minus_thermal_resilience_proportion,0.9333333333333333,Building_3,building
IQL,2,power_outage_normalized_unserved_energy_total,0.5417643631057069,Building_3,building
IQL,2,annual_normalized_unserved_energy_total,0.012193137579813539,Building_3,building
IQL,3,all_time_peak_average,0.8993411584578798,District,district
IQL,3,annual_normalized_unserved_energy_total,0.01167360746604774,District,district
IQL,3,carbon_emissions_total,0.5956147334521277,District,district
IQL,3,cost_total,0.5693212437662355,District,district
IQL,3,daily_one_minus_load_factor_average,1.1702846083405871,District,district
IQL,3,daily_peak_average,0.7848462157639001,District,district
IQL,3,discomfort_cold_delta_average,0.01912321867766204,District,district
IQL,3,discomfort_cold_delta_maximum,0.9514319101969401,District,district
IQL,3,discomfort_cold_delta_minimum,0.0,District,district
IQL,3,discomfort_cold_proportion,0.0,District,district
IQL,3,discomfort_hot_delta_average,3.333931419584486,District,district
IQL,3,discomfort_hot_delta_maximum,9.317708333333334,District,district
IQL,3,discomfort_hot_delta_minimum,0.0,District,district
IQL,3,discomfort_hot_proportion,0.6674999979391885,District,district
IQL,3,discomfort_proportion,0.6674999979391885,District,district
IQL,3,electricity_consumption_total,0.601386805310385,District,district
IQL,3,monthly_one_minus_load_factor_average,1.0851577008604827,District,district
IQL,3,one_minus_thermal_resilience_proportion,0.9301587301587301,District,district
IQL,3,power_outage_normalized_unserved_energy_total,0.5418078049082089,District,district
IQL,3,ramping_average,0.8995141603546353,District,district
IQL,3,zero_net_energy,0.5687867137338026,District,district
IQL,3,electricity_consumption_total,0.477820436592128,Building_1,building
IQL,3,zero_net_energy,0.3969248474658996,Building_1,building
IQL,3,carbon_emissions_total,0.4751558974232277,Building_1,building
IQL,3,cost_total,0.4529855572269365,Building_1,building
IQL,3,discomfort_proportion,0.9761570827489481,Building_1,building
IQL,3,discomfort_cold_proportion,0.0,Building_1,building
IQL,3,discomfort_hot_proportion,0.9761570827489481,Building_1,building
IQL,3,discomfort_cold_delta_minimum,0.0,Building_1,building
IQL,3,discomfort_cold_delta_maximum,0.12356948852539062,Building_1,building
IQL,3,discomfort_cold_delta_average,0.0003257698482937283,Building_1,building
IQL,3,discomfort_hot_delta_minimum,0.0,Building_1,building
IQL,3,discomfort_hot_delta_maximum,12.215116500854492,Building_1,building
IQL,3,discomfort_hot_delta_average,6.377744094530741,Building_1,building
IQL,3,one_minus_thermal_resilience_proportion,1.0,Building_1,building
IQL,3,power_outage_normalized_unserved_energy_total,0.5299177037715619,Building_1,building
IQL,3,annual_normalized_unserved_energy_total,0.010897009079723697,Building_1,building
IQL,3,electricity_consumption_total,0.655830778359192,Building_2,building
IQL,3,zero_net_energy,0.6559802014708903,Building_2,building
IQL,3,carbon_emissions_total,0.6501069490259986,Building_2,building
IQL,3,cost_total,0.6248099946831829,Building_2,building
IQL,3,discomfort_proportion,0.458955223880597,Building_2,building
IQL,3,discomfort_cold_proportion,0.0,Building_2,building
IQL,3,discomfort_hot_proportion,0.458955223880597,Building_2,building
IQL,3,discomfort_cold_delta_minimum,0.0,Building_2,building
IQL,3,discomfort_cold_delta_maximum,1.8563785552978516,Building_2,building
IQL,3,discomfort_cold_delta_average,0.030059112442864314,Building_2,building
IQL,3,discomfort_hot_delta_minimum,0.0,Building_2,building
IQL,3,discomfort_hot_delta_maximum,8.450773239135742,Building_2,building
IQL,3,discomfort_hot_delta_average,1.660735641585456,Building_2,building
IQL,3,one_minus_thermal_resilience_proportion,0.8571428571428571,Building_2,building
IQL,3,power_outage_normalized_unserved_energy_total,0.5558187787164732,Building_2,building
IQL,3,annual_normalized_unserved_energy_total,0.01242816419069971,Building_2,building
IQL,3,electricity_consumption_total,0.6705092009798351,Building_3,building
IQL,3,zero_net_energy,0.6534550922646182,Building_3,building
IQL,3,carbon_emissions_total,0.6615813539071566,Building_3,building
IQL,3,cost_total,0.6301681793885868,Building_3,building
IQL,3,discomfort_proportion,0.56738768718802,Building_3,building
IQL,3,discomfort_cold_proportion,0.0,Building_3,building
IQL,3,discomfort_hot_proportion,0.56738768718802,Building_3,building
IQL,3,discomfort_cold_delta_minimum,0.0,Building_3,building
IQL,3,discomfort_cold_delta_maximum,0.8743476867675781,Building_3,building
IQL,3,discomfort_cold_delta_average,0.02698477374182807,Building_3,building
IQL,3,discomfort_hot_delta_minimum,0.0,Building_3,building
IQL,3,discomfort_hot_delta_maximum,7.287235260009766,Building_3,building
IQL,3,discomfort_hot_delta_average,1.9633145226372613,Building_3,building
IQL,3,one_minus_thermal_resilience_proportion,0.9333333333333333,Building_3,building
IQL,3,power_outage_normalized_unserved_energy_total,0.5396869322365916,Building_3,building
IQL,3,annual_normalized_unserved_energy_total,0.01169564912771981,Building_3,building
CQL,1,all_time_peak_average,1.327489548649247,District,district
CQL,1,annual_normalized_unserved_energy_total,0.017544891852530418,District,district
CQL,1,carbon_emissions_total,1.3814914037072346,District,district
CQL,1,cost_total,1.3682568769989174,District,district
CQL,1,daily_one_minus_load_factor_average,0.9953135832324129,District,district
CQL,1,daily_peak_average,1.2649703737069344,District,district
CQL,1,discomfort_cold_delta_average,2.4235925281489337,District,district
CQL,1,discomfort_cold_delta_maximum,8.440982818603516,District,district
CQL,1,discomfort_cold_delta_minimum,0.0,District,district
CQL,1,discomfort_cold_proportion,0.6441511268988246,District,district
CQL,1,discomfort_hot_delta_average,0.3390029801262749,District,district
CQL,1,discomfort_hot_delta_maximum,5.613317489624023,District,district
CQL,1,discomfort_hot_delta_minimum,0.0,District,district
CQL,1,discomfort_hot_proportion,0.07583022873511457,District,district
CQL,1,discomfort_proportion,0.7199813556339393,District,district
CQL,1,electricity_consumption_total,1.3851317719348788,District,district
CQL,1,monthly_one_minus_load_factor_average,1.009638904881193,District,district
CQL,1,one_minus_thermal_resilience_proportion,0.5238095238095238,District,district
CQL,1,power_outage_normalized_unserved_energy_total,0.7439071930745053,District,district
CQL,1,ramping_average,2.0962098943292413,District,district
CQL,1,zero_net_energy,1.3215974676633209,District,district
CQL,1,electricity_consumption_total,0.8851550113077079,Building_1,building
CQL,1,zero_net_energy,0.761876249177337,Building_1,building
CQL,1,carbon_emissions_total,0.8893208025607916,Building_1,building
CQL,1,cost_total,0.9172845956140283,Building_1,building
CQL,1,discomfort_proportion,0.5161290322580645,Building_1,building
CQL,1,discomfort_cold_proportion,0.3085553997194951,Building_1,building
CQL,1,discomfort_hot_proportion,0.20757363253856942,Building_1,building
CQL,1,discomfort_cold_delta_minimum,0.0,Building_1,building
CQL,1,discomfort_cold_delta_maximum,9.60535717010498,Building_1,building
CQL,1,discomfort_cold_delta_average,1.5624782959620158,Building_1,building
CQL,1,discomfort_hot_delta_minimum,0.0,Building_1,building
CQL,1,discomfort_hot_delta_maximum,7.272544860839844,Building_1,building
CQL,1,discomfort_hot_delta_average,0.9439403851826985,Building_1,building
CQL,1,one_minus_thermal_resilience_proportion,0.6666666666666666,Building_1,building
CQL,1,power_outage_normalized_unserved_energy_total,0.708254309259138,Building_1,building
CQL,1,annual_normalized_unserved_energy_total,0.02120545242336158,Building_1,building
CQL,1,electricity_consumption_total,1.646404465034757,Building_2,building
CQL,1,zero_net_energy,1.5745775733697474,Building_2,building
CQL,1,carbon_emissions_total,1.63981417125789,Building_2,building
CQL,1,cost_total,1.6073581391148573,Building_2,building
CQL,1,discomfort_proportion,0.7835820895522388,Building_2,building
CQL,1,discomfort_cold_proportion,0.7686567164179104,Building_2,building
CQL,1,discomfort_hot_proportion,0.014925373134328358,Building_2,building
CQL,1,discomfort_cold_delta_minimum,0.0,Building_2,building
CQL,1,discomfort_cold_delta_maximum,9.1371488571167,Building_2,building
CQL,1,discomfort_cold_delta_average,2.6660542289415994,Building_2,building
CQL,1,discomfort_hot_delta_minimum,0.0,Building_2,building
CQL,1,discomfort_hot_delta_maximum,5.909442901611328,Building_2,building
CQL,1,discomfort_hot_delta_average,0.05570520824856228,Building_2,building
CQL,1,one_minus_thermal_resilience_proportion,0.5714285714285714,Building_2,building
CQL,1,power_outage_normalized_unserved_energy_total,0.7953962051476098,Building_2,building
CQL,1,annual_normalized_unserved_energy_total,0.01602747779772185,Building_2,building
CQL,1,electricity_consumption_total,1.623835839462171,Building_3,building
CQL,1,zero_net_energy,1.628338580442878,Building_3,building
CQL,1,carbon_emissions_total,1.615339237303022,Building_3,building
CQL,1,cost_total,1.5801278962678669,Building_3,building
CQL,1,discomfort_proportion,0.8602329450915142,Building_3,building
CQL,1,discomfort_cold_proportion,0.8552412645590682,Building_3,building
CQL,1,discomfort_hot_proportion,0.004991680532445923,Building_3,building
CQL,1,discomfort_cold_delta_minimum,0.0,Building_3,building
CQL,1,discomfort_cold_delta_maximum,6.580442428588867,Building_3,building
CQL,1,discomfort_cold_delta_average,3.042245059543186,Building_3,building
CQL,1,discomfort_hot_delta_minimum,0.0,Building_3,building
CQL,1,discomfort_hot_delta_maximum,3.6579647064208984,Building_3,building
CQL,1,discomfort_hot_delta_average,0.01736334694756402,Building_3,building
CQL,1,one_minus_thermal_resilience_proportion,0.3333333333333333,Building_3,building
CQL,1,power_outage_normalized_unserved_energy_total,0.7280710648167676,Building_3,building
CQL,1,annual_normalized_unserved_energy_total,0.015401745336507826,Building_3,building
CQL,2,all_time_peak_average,1.1525636016606398,District,district
CQL,2,annual_normalized_unserved_energy_total,0.018239692391867204,District,district
CQL,2,carbon_emissions_total,1.4311402892808263,District,district
CQL,2,cost_total,1.3888680177483428,District,district
CQL,2,daily_one_minus_load_factor_average,1.0580767070772168,District,district
CQL,2,daily_peak_average,1.4087279065878031,District,district
CQL,2,discomfort_cold_delta_average,2.585898894733853,District,district
CQL,2,discomfort_cold_delta_maximum,8.681411743164062,District,district
CQL,2,discomfort_cold_delta_minimum,0.0,District,district
CQL,2,discomfort_cold_proportion,0.6586559769058133,District,district
CQL,2,discomfort_hot_delta_average,0.6722271769135086,District,district
CQL,2,discomfort_hot_delta_maximum,7.293462753295898,District,district
CQL,2,discomfort_hot_delta_minimum,0.0,District,district
CQL,2,discomfort_hot_proportion,0.1421336285878484,District,district
CQL,2,discomfort_proportion,0.8007896054936617,District,district
CQL,2,electricity_consumption_total,1.4322052933695326,District,district
CQL,2,monthly_one_minus_load_factor_average,0.9732568819039092,District,district
CQL,2,one_minus_thermal_resilience_proportion,0.611111111111111,District,district
CQL,2,power_outage_normalized_unserved_energy_total,0.78885311784406,District,district
CQL,2,ramping_average,1.977214780598884,District,district
CQL,2,zero_net_energy,1.3906772898526665,District,district
CQL,2,electricity_consumption_total,0.7704608474735943,Building_1,building
CQL,2,zero_net_energy,0.62933061224464,Building_1,building
CQL,2,carbon_emissions_total,0.7813815357769976,Building_1,building
CQL,2,cost_total,0.7490052741948259,Building_1,building
CQL,2,discomfort_proportion,0.6465638148667602,Building_1,building
CQL,2,discomfort_cold_proportion,0.23281907433380084,Building_1,building
CQL,2,discomfort_hot_proportion,0.41374474053295934,Building_1,building
CQL,2,discomfort_cold_delta_minimum,0.0,Building_1,building
CQL,2,discomfort_cold_delta_maximum,9.713468551635742,Building_1,building
CQL,2,discomfort_cold_delta_average,1.1605419980155096,Building_1,building
CQL,2,discomfort_hot_delta_minimum,0.0,Building_1,building
CQL,2,discomfort_hot_delta_maximum,12.789407730102539,Building_1,building
CQL,2,discomfort_hot_delta_average,1.959847050242954,Building_1,building
CQL,2,one_minus_thermal_resilience_proportion,1.0,Building_1,building
CQL,2,power_outage_normalized_unserved_energy_total,0.7854744312680508,Building_1,building
CQL,2,annual_normalized_unserved_energy_total,0.019011586191076325,Building_1,building
CQL,2,electricity_consumption_total,1.876584615228977,Building_2,building
CQL,2,zero_net_energy,1.887860229226469,Building_2,building
CQL,2,carbon_emissions_total,1.872691771959323,Building_2,building
CQL,2,cost_total,1.813673664902469,Building_2,building
CQL,2,discomfort_proportion,0.8805970149253731,Building_2,building
CQL,2,discomfort_cold_proportion,0.871268656716418,Building_2,building
CQL,2,discomfort_hot_proportion,0.009328358208955223,Building_2,building
CQL,2,discomfort_cold_delta_minimum,0.0,Building_2,building
CQL,2,discomfort_cold_delta_maximum,10.142557144165039,Building_2,building
CQL,2,discomfort_cold_delta_average,3.633226733737522,Building_2,building
CQL,2,discomfort_hot_delta_minimum,0.0,Building_2,building
CQL,2,discomfort_hot_delta_maximum,5.4004669189453125,Building_2,building
CQL,2,discomfort_hot_delta_average,0.040393368403116865,Building_2,building
CQL,2,one_minus_thermal_resilience_proportion,0.5,Building_2,building
CQL,2,power_outage_normalized_unserved_energy_total,0.8586222110861296,Building_2,building
CQL,2,annual_normalized_unserved_energy_total,0.02088739073903027,Building_2,building
CQL,2,electricity_consumption_total,1.6495704174060264,Building_3,building
CQL,2,zero_net_energy,1.6548410280868904,Building_3,building
CQL,2,carbon_emissions_total,1.6393475601061582,Building_3,building
CQL,2,cost_total,1.6039251141477333,Building_3,building
CQL,2,discomfort_proportion,0.8752079866888519,Building_3,building
CQL,2,discomfort_cold_proportion,0.8718801996672213,Building_3,building
CQL,2,discomfort_hot_proportion,0.0033277870216306157,Building_3,building
CQL,2,discomfort_cold_delta_minimum,0.0,Building_3,building
CQL,2,discomfort_cold_delta_maximum,6.188209533691406,Building_3,building
CQL,2,discomfort_cold_delta_average,2.963927952448527,Building_3,building
CQL,2,discomfort_hot_delta_minimum,0.0,Building_3,building
CQL,2,discomfort_hot_delta_maximum,3.6905136108398438,Building_3,building
CQL,2,discomfort_hot_delta_average,0.016441112094455295,Building_3,building
CQL,2,one_minus_thermal_resilience_proportion,0.3333333333333333,Building_3,building
CQL,2,power_outage_normalized_unserved_energy_total,0.7224627111779999,Building_3,building
CQL,2,annual_normalized_unserved_energy_total,0.014820100245495009,Building_3,building
CQL,3,all_time_peak_average,1.2330715354329644,District,district
CQL,3,annual_normalized_unserved_energy_total,0.014698248032293748,District,district
CQL,3,carbon_emissions_total,1.361200743619084,District,district
CQL,3,cost_total,1.340402785476945,District,district
CQL,3,daily_one_minus_load_factor_average,0.9979162085417451,District,district
CQL,3,daily_peak_average,1.2018990104654248,District,district
CQL,3,discomfort_cold_delta_average,2.247089139178947,District,district
CQL,3,discomfort_cold_delta_maximum,8.299033482869467,District,district
CQL,3,discomfort_cold_delta_minimum,0.0,District,district
CQL,3,discomfort_cold_proportion,0.6099709419173533,District,district
CQL,3,discomfort_hot_delta_average,0.6229546193723325,District,district
CQL,3,discomfort_hot_delta_maximum,7.125688552856445,District,district
CQL,3,discomfort_hot_delta_minimum,0.0,District,district
CQL,3,discomfort_hot_proportion,0.12275529285218918,District,district
CQL,3,discomfort_proportion,0.7327262347695426,District,district
CQL,3,electricity_consumption_total,1.3633162046870158,District,district
CQL,3,monthly_one_minus_load_factor_average,1.0021943859171827,District,district
CQL,3,one_minus_thermal_resilience_proportion,0.5238095238095238,District,district
CQL,3,power_outage_normalized_unserved_energy_total,0.7402931219299441,District,district
CQL,3,ramping_average,1.8947563049370504,District,district
CQL,3,zero_net_energy,1.2971353090759614,District,district
CQL,3,electricity_consumption_total,0.7960886574184058,Building_1,building
CQL,3,zero_net_energy,0.6586210444182641,Building_1,building
CQL,3,carbon_emissions_total,0.7969600627160219,Building_1,building
CQL,3,cost_total,0.7957638209590231,Building_1,building
CQL,3,discomfort_proportion,0.5750350631136045,Building_1,building
CQL,3,discomfort_cold_proportion,0.2300140252454418,Building_1,building
CQL,3,discomfort_hot_proportion,0.3450210378681627,Building_1,building
CQL,3,discomfort_cold_delta_minimum,0.0,Building_1,building
CQL,3,discomfort_cold_delta_maximum,9.485511779785156,Building_1,building
CQL,3,discomfort_cold_delta_average,1.1922424488597445,Building_1,building
CQL,3,discomfort_hot_delta_minimum,0.0,Building_1,building
CQL,3,discomfort_hot_delta_maximum,10.589799880981445,Building_1,building
CQL,3,discomfort_hot_delta_average,1.73576770623525,Building_1,building
CQL,3,one_minus_thermal_resilience_proportion,0.8,Building_1,building
CQL,3,power_outage_normalized_unserved_energy_total,0.761331517927477,Building_1,building
CQL,3,annual_normalized_unserved_energy_total,0.01761533162426399,Building_1,building
CQL,3,electricity_consumption_total,1.7618461695454999,Building_2,building
CQL,3,zero_net_energy,1.7100664959321668,Building_2,building
CQL,3,carbon_emissions_total,1.7578443911869708,Building_2,building
CQL,3,cost_total,1.7175272651603413,Building_2,building
CQL,3,discomfort_proportion,0.8078358208955224,Building_2,building
CQL,3,discomfort_cold_proportion,0.792910447761194,Building_2,building
CQL,3,discomfort_hot_proportion,0.014925373134328358,Building_2,building
CQL,3,discomfort_cold_delta_minimum,0.0,Building_2,building
CQL,3,discomfort_cold_delta_maximum,9.017276763916016,Building_2,building
CQL,3,discomfort_cold_delta_average,2.860917803976271,Building_2,building
CQL,3,discomfort_hot_delta_minimum,0.0,Building_2,building
CQL,3,discomfort_hot_delta_maximum,6.242282867431641,Building_2,building
CQL,3,discomfort_hot_delta_average,0.059501859876844615,Building_2,building
CQL,3,one_minus_thermal_resilience_proportion,0.5714285714285714,Building_2,building
CQL,3,power_outage_normalized_unserved_energy_total,0.767179242947032,Building_2,building
CQL,3,annual_normalized_unserved_energy_total,0.012637197732133655,Building_2,building
CQL,3,electricity_consumption_total,1.5320137870971418,Building_3,building
CQL,3,zero_net_energy,1.5227183868774539,Building_3,building
CQL,3,carbon_emissions_total,1.52879777695426,Building_3,building
CQL,3,cost_total,1.50791727031147,Building_3,building
CQL,3,discomfort_proportion,0.8153078202995009,Building_3,building
CQL,3,discomfort_cold_proportion,0.8069883527454242,Building_3,building
CQL,3,discomfort_hot_proportion,0.008319467554076539,Building_3,building
CQL,3,discomfort_cold_delta_minimum,0.0,Building_3,building
CQL,3,discomfort_cold_delta_maximum,6.394311904907227,Building_3,building
CQL,3,discomfort_cold_delta_average,2.688107164700826,Building_3,building
CQL,3,discomfort_hot_delta_minimum,0.0,Building_3,building
CQL,3,discomfort_hot_delta_maximum,4.54498291015625,Building_3,building
CQL,3,discomfort_hot_delta_average,0.07359429200490315,Building_3,building
CQL,3,one_minus_thermal_resilience_proportion,0.2,Building_3,building
CQL,3,power_outage_normalized_unserved_energy_total,0.6923686049153233,Building_3,building
CQL,3,annual_normalized_unserved_energy_total,0.013842214740483597,Building_3,building
